<?xml version="1.0" encoding="UTF-8"?>
<GenRun Id="design_1_axi_gpio_1_0_synth_1" LaunchPart="xc7z020clg484-1" LaunchTime="1552479390">
  <File Type="PA-TCL" Name="design_1_axi_gpio_1_0.tcl"/>
  <File Type="REPORTS-TCL" Name="design_1_axi_gpio_1_0_reports.tcl"/>
  <File Type="RDS-RDS" Name="design_1_axi_gpio_1_0.vds"/>
  <File Type="RDS-UTIL" Name="design_1_axi_gpio_1_0_utilization_synth.rpt"/>
  <File Type="RDS-UTIL-PB" Name="design_1_axi_gpio_1_0_utilization_synth.pb"/>
  <File Type="RDS-DCP" Name="design_1_axi_gpio_1_0.dcp"/>
  <FileSet Name="sources" Type="BlockSrcs" RelSrcDir="$PSRCDIR/design_1_axi_gpio_1_0">
    <File Path="$PSRCDIR/sources_1/bd/design_1/ip/design_1_axi_gpio_1_0/design_1_axi_gpio_1_0.xci">
      <FileInfo>
        <Attr Name="ImportPath" Val="$PPRDIR/../../../../../../../../../../FT/ISU/classes/CPRE488/Spring_2019/MP-solutions/2018.3/MP-3/GPIO-only/project_1/project_1.srcs/sources_1/bd/design_1/ip/design_1_axi_gpio_1_0/design_1_axi_gpio_1_0.xci"/>
        <Attr Name="ImportTime" Val="1552479128"/>
        <Attr Name="UsedIn" Val="synthesis"/>
        <Attr Name="UsedIn" Val="implementation"/>
        <Attr Name="UsedIn" Val="simulation"/>
      </FileInfo>
    </File>
    <Config>
      <Option Name="TopModule" Val="design_1_axi_gpio_1_0"/>
      <Option Name="UseBlackboxStub" Val="1"/>
    </Config>
  </FileSet>
  <FileSet Name="constrs_in" Type="BlockSrcs" RelSrcDir="$PSRCDIR/design_1_axi_gpio_1_0">
    <File Path="$PSRCDIR/sources_1/bd/design_1/ip/design_1_axi_gpio_1_0/design_1_axi_gpio_1_0.xci">
      <FileInfo>
        <Attr Name="ImportPath" Val="$PPRDIR/../../../../../../../../../../FT/ISU/classes/CPRE488/Spring_2019/MP-solutions/2018.3/MP-3/GPIO-only/project_1/project_1.srcs/sources_1/bd/design_1/ip/design_1_axi_gpio_1_0/design_1_axi_gpio_1_0.xci"/>
        <Attr Name="ImportTime" Val="1552479128"/>
        <Attr Name="UsedIn" Val="synthesis"/>
        <Attr Name="UsedIn" Val="implementation"/>
        <Attr Name="UsedIn" Val="simulation"/>
      </FileInfo>
    </File>
    <Config>
      <Option Name="TopModule" Val="design_1_axi_gpio_1_0"/>
      <Option Name="UseBlackboxStub" Val="1"/>
    </Config>
  </FileSet>
  <FileSet Name="utils" Type="Utils" RelSrcDir="$PSRCDIR/utils_1">
    <Filter Type="Utils"/>
    <Config>
      <Option Name="TopAutoSet" Val="TRUE"/>
    </Config>
  </FileSet>
  <Strategy Version="1" Minor="2">
    <StratHandle Name="Vivado Synthesis Defaults" Flow="Vivado Synthesis 2018"/>
    <Step Id="synth_design"/>
  </Strategy>
</GenRun>
